Folder_Name	Count
Aiden Ashley	1
Alexa Chains	6
Alice Judge	1
Alina Lopez	2
Alyx Star	4
Andi Avalon	1
Angela White	1
Annette Haven	1
Becky Bandini	5
Bella Rolland	1
Bianca Breeze	2
Bonnie Blue	1
Brett rossi	1
Candy Sexton	1
Carmel Anderson	1
Casca Akashova	1
Cassidy Banks	1
Channy Crossfire	5
Charlotte Sins	6
Cookie	1
Cristi Ann	2
Crystal Clark	1
Dani Daniels	1
Dani Day	1
Dani Jenson	4
Danielle Renae	1
Danner Mendez, Iris Rodriguez	1
Desiree Dulce	1
Evelyn Claire	4
Febby Twigs	7
Frances Bentley	4
Gia Vendetti	4
Gia Venetia(Cyber Doll)	6
Helena Price	1
Isa Bella	3
Ivy Ireland	4
Jaclyn Taylor	3
Jennie Rose	3
Jessy Dubai	6
Jezzi.xo	2
Karina Espinosa	4
Kayla Kayden	6
Kayley Gunner	8
Kenzie Anne	6
Kenzie Madison	4
Kitty Chow	8
Koda Monroe	8
Lady Lyne	4
Lalie	1
Lena Paul	1
Lexy Bandera	2
Lily Labeau	1
Linda Lan	4
Linzee ryder	1
Lonely Meow	4
Lorraine	3
Lovely Lo	1
Madelyn Marie	2
Mellanie Monroe	1
Mina Luxx	1
Mischa Brooks	6
Mona Wales	4
Nicole Aniston	1
Nicole Doshi	6
Penelope Woods	1
Penny Barber	1
Pepper XO	1
Peyton Rain	1
Princess Jasmine	1
Pristine Edge	4
Rachael Cavalli	1
Rebecca More	4
Remu Rune	1
Sadie Rose	4
Sadie Summers	3
Sasha Steele	1
Savannah Bond	1
Scarlett Alexis	1
Sheena Ryder, Liza Del Sierra	1
Sienna	1
Simonne Style	1
Summer Sayed	1
The Official Egypt	1
Tiffany Brookes	0
Tiffany Rain	1
Tiny Prudence	1
Vanessa Cage	1
Vina Sky	1
Violet Voss	4
Xo Rivera	1
Xxlayna Marie	1
Yasmina Khan	3
Yhivi Kim	1
[BlackMagic]	1
[Chick in torn leggings served a taxi driver with a vagina]	1
[Chick served the taxi driver with her mouth and both holes]	1
[GDP]	1
[Holly Hotwife]	1
[HotWifeSonyC]	4
[HotwiifeNurse]	1
[Luxure-My Wife's Climax]	1
[ThatYoungBlondeVIP]	1
dba	1
